A28777	1641	 	The booke of common prayer, now used in the Church of England, vindicated from the aspertion of all schismaticks, anabaptists, Brownists, and separatists Proving and maintaining, that the English common prayer as now it is, was made and compyled by many most reverend divines of our church in the raigne of that ever-famous and first confirmer of the Protestant religion in England, King Edward the sixth. With a true catalogue of their names and dignities, collected from the records of Parliament rolles in the Tower. Together with a discovery of a sort of people called rebaptists, lately found out in Hackney Marsh neere London.	Church of England. --  Book of common prayer --  Early works to 1800.	Church of England. --  Book of common prayer --  Early works to 1800.	2
B00290	1553	Church of England.	The booke of common prayer, and adminystracion of the sacramentes, and other rites and ceremonies in the Churche of Englande.|Book of common prayer	Church of England --  Liturgy --  Texts.	Church of England --  Liturgy --  Texts.	2
B08997	1698	Elys, Edmund, ca. 1634-ca. 1707.	To all persons that have any sense of the reality of vertue in the pursuit of my design to demonstrate, that the people called Quakers, deserve more favour from the Church of England, than any other sort of dissenters. I shall here recite some passages in the Book of common-prayer, to which they acknowledge, that it is their duty, and that in Christ they have a power, to conform themselves in the whole course of their lives. / By Edmund Elys.	Church of England. --  Book of common prayer --  Early works to 1800.|Quakers --  Apologetic works --  Early works to 1800.|Prayer --  Early works to 1800.	Church of England. --  Book of common prayer --  Early works to 1800.|Quakers --  Apologetic works --  Early works to 1800.|Prayer --  Early works to 1800.	2
A21756	1573	England and Wales. Sovereign (1558-1603 : Elizabeth I)	By the Queene. The Queenes Maiestie consydering that not withstanding that by great and mature deliberation of the wysest of this realme, a godly [and] good order of publique prayer and administration of the Sacramentes hath ben set foorth and allowed by Parliament ...|Proclamations. 1573-06-11	Church of England. --  Book of common prayer --  Early works to 1800.|Prohibited books --  England --  Early works to 1800.|Censorship --  England --  Early works to 1800.|Great Britain --  History --  Elizabeth, 1558-1603 --  Early works to 1800.|England --  Proclamations --  Early works to 1800.	Church of England. --  Book of common prayer --  Early works to 1800.|Prohibited books --  England --  Early works to 1800.|Censorship --  England --  Early works to 1800.|Great Britain --  History --  Elizabeth, 1558-1603 --  Early works to 1800.|England --  Proclamations --  Early works to 1800.	2
A21758	1573	England and Wales. Sovereign (1558-1603 : Elizabeth I)	By the Queene. A proclamation agaynst the despisers or breakers of the orders prescribed in the booke of Common prayer|Proclamations. 1573-10-20	Church of England. --  Book of common prayer --  Early works to 1800.|Dissenters, Religious --  England --  Early works to 1800.|Great Britain --  History --  Elizabeth, 1558-1603 --  Early works to 1800.|Great Britain --  Church history --  17th century --  Early works to 1800.|England --  Proclamations --  Early works to 1800.	Church of England. --  Book of common prayer --  Early works to 1800.|Dissenters, Religious --  England --  Early works to 1800.|Great Britain --  History --  Elizabeth, 1558-1603 --  Early works to 1800.|Great Britain --  Church history --  17th century --  Early works to 1800.|England --  Proclamations --  Early works to 1800.	2
A28758	1693	Church of England.	The book of common prayer and administration of the sacraments and other rites and ceremonies of the Church according to the use of the Church of England : together with the Psalter, or Psalms of David, pointed as they are to be sung or said in churches, and the form and manner of making, ordaining, and consecrating of bishops, priests and deacons.|Book of common prayer. 1693	 	 	2
A91004	1656	Prideaux, John, 1578-1650.|N. Y.	Syneidēsilogia ̇or, The doctrine of conscience, framed according to the points of the catechisme, in the Book of Common-Prayer. / By the Right Reverend Father in God, John Prideaux, late Lord Bishop of Worcester, for the private use of his wife.	Church of England. --  Book of common prayer --  Early works to 1800.|Conscience --  Religious aspects --  Early works to 1800.	Church of England. --  Book of common prayer --  Early works to 1800.|Conscience --  Religious aspects --  Early works to 1800.	2
A90999	1655	Prideaux, John, 1578-1650.	Euchologia: or, The doctrine of practical praying. By the Right Reverend Father in God, John Prideaux, late Bishop of Worcester. Being a legacy left to his daughters in private, directing them to such manifold uses of our Common Prayer Book. As may satisfie upon all occasions, without looking after new lights from extemporal flashes.	Church of England. --  Book of common prayer --  Early works to 1800.|Prayer --  Early works to 1800.|Devotional exercises --  Early works to 1800.	Church of England. --  Book of common prayer --  Early works to 1800.|Prayer --  Early works to 1800.|Devotional exercises --  Early works to 1800.	2
A11744	1638	Gillespie, George, 1613-1648, attributed name.	Reasons for which the service booke, urged upon Scotland ought to bee refused	Episcopal Church in Scotland. --  Book of common prayer --  Controversial literature --  Early works to 1800.|Scotland --  Church history --  17th century --  Early works to 1800.	Episcopal Church in Scotland. --  Book of common prayer --  Controversial literature --  Early works to 1800.|Scotland --  Church history --  17th century --  Early works to 1800.	2
A44767	1687	Howell, William, 1656-1714.	The common-prayer-book the best companion in the house and closet as well as in the temple, or, A collection of prayers out of the liturgy of the Church of England, most needful both for the whole family together, and for every single person apart by himself with a particular office for the sacrament.	Church of England. --  Book of common prayer.	Church of England. --  Book of common prayer.	2
B00324	1621	Church of England.	Llyfr gweddi gyffredin, a gwenidogaeth y sacramentau, a chyn[neddfau a] ceremoniau eraill yn Eglwys Loegr.|Book of common prayer. Welsh	Church of England --  Liturgy --  Welsh --  Texts --  Early works to 1800.	Church of England --  Liturgy --  Welsh --  Texts --  Early works to 1800.	2
B01950	1672	 	The catechisme in the Book of Common-prayer explained.	Church of England. --  Book of common prayer.|Catechisms, English.	Church of England. --  Book of common prayer.|Catechisms, English.	2
B04609	1660	 	The old non-conformist, touching the Book of Common-prayer, and ceremonies. To which is annexed the reasons why Scotland refused the Book of Common-Prayer.	Church of England. --  Book of common prayer.|Church of England --  Controversial literature --  Early works to 1800.|Church of England --  Customs and practices --  Early works to 1800.	Church of England. --  Book of common prayer.|Church of England --  Controversial literature --  Early works to 1800.|Church of England --  Customs and practices --  Early works to 1800.	2
A97011	1641	I. W.	Certaine reasons why the Booke of Common-Prayer being corrected should continue. By I. W.	Church of England. --  Book of common prayer --  Early works to 1800.|Great Britain --  Church history --  17th century --  Early works to 1800.	Church of England. --  Book of common prayer --  Early works to 1800.|Great Britain --  Church history --  17th century --  Early works to 1800.	2
A66375	1689	Church of England.|Williams, John, 1636?-1709.	A brief exposition of the church-catechism, with proofs from Scripture|Book of common prayer. Catechism.	Church of England --  Catechisms --  Early works to 1800.|Catechisms, English --  Early works to 1800.	Church of England --  Catechisms --  Early works to 1800.|Catechisms, English --  Early works to 1800.	2
A67134	1661	Wotton, Sam. (Samuel)	A view of the face unmasked, or, An answer to a scandalous pamphlet published by divers ministers and entituled The common prayer book unmasked wherein the lawfulness of using that book is maintained ... : whereunto are added also some arguments for the retaining of that book in our Church ... / by Sam. Wotton ...	Dwalphintramis. --  Common prayer book unmasked.|Church of England. --  Book of common prayer.	Dwalphintramis. --  Common prayer book unmasked.|Church of England. --  Book of common prayer.	2
A78977	1645	England and Wales. Sovereign (1625-1649 : Charles I)|Charles I, King of England, 1600-1649.	By the King. A proclamation commanding the use of the Book of Common-Prayer according to law, notwithstanding the pretended ordinance for the new directory.	Church of England. --  Book of common prayer.|Church of England --  Liturgy --  Early works to 1800.|Church and state --  England --  Early works to 1800.	Church of England. --  Book of common prayer.|Church of England --  Liturgy --  Early works to 1800.|Church and state --  England --  Early works to 1800.	2
A70285	1692	Howell, William, 1656-1714.|Church of England. Liturgies. Book of common prayer.	Prayers in the closet, for the use of all devout Christians Collected out of the Best companion, by the author of the same. Imprimatur, Apr. 11th. Jonath. Edwards Vice-Can.|Common-prayer book the best companion in the house and closet as well as in the temple. Selections	Lord's Supper --  Prayer-books and devotions --  Early works to 1800.|Prayer --  Church of England --  Early works to 1800.	Lord's Supper --  Prayer-books and devotions --  Early works to 1800.|Prayer --  Church of England --  Early works to 1800.	2
A37367	1663	M. D.	A Short surveigh of the grand case of the present ministry whether they may lawfully subscribe and declare as by the late Act of uniformity is required, and the several cases thence arising, especially about the covenant / by some conformable non-conformists.	Fullwood, Francis, d. 1693. --  Grand case of the present ministry.|Church of England. --  Book of common prayer --  Controversial literature.|Dissenters, Religious --  England.	Fullwood, Francis, d. 1693. --  Grand case of the present ministry.|Church of England. --  Book of common prayer --  Controversial literature.|Dissenters, Religious --  England.	2
A27512	1661	Bernard, Richard, 1568-1641.|Bernard, John.	A short view of the prelatical church of England laid open in ten sections by way of quere and petition to the High and Honourable Court of Parliament, the several heads whereof are set down in the next two pages / written a little before the fall of that hierarchie, about the year 1641, by Iohn Barnard, sometime minister of Batcomb in Somerset-shire ; whereunto is added The anatomy of The common-prayer.	Church of England --  Government.|Church of England --  Discipline.|Church of England. --  Book of common prayer.	Church of England --  Government.|Church of England --  Discipline.|Church of England. --  Book of common prayer.	2
A78491	1643	 	Certaine queres concerning the Booke of common prayer, and divers other articles of religion: propounded to a reverend divine of the City of London, and his modest reply unto the same, for the satisfaction of tender consciences; wherein these particulars are fully resolved, viz. 1. Whether the Booke of common prayer is to bee allowed by Gods Word or no? 2. Whether articles of religion agreed upon by a synod bee binding by Gods Word or no? 3. Whether we be tyed by the Gospel to the order and use of the Apostles in all things for matters of religion or no? 4. Whether there bee any right ministry or ecclesiasticall governement at this time in the Church of England or no? 5. Whether nothing may be added in point of worship but what is axactly [sic] commanded in Scripture or no? 6. Whether the clergie are to have the whole governement of the Church in matters ecclesiasticall or no? ... 18. Lastly, whether the King and State be bound to observe the iudiciall lawes of Moses in the puuishment [sic] of criminall offences or no?	Church of England. --  Book of common prayer --  Early works to 1800.|Theology --  Miscellanea --  Early works to 1800.	Church of England. --  Book of common prayer --  Early works to 1800.|Theology --  Miscellanea --  Early works to 1800.	2
A88733	1647	 	The last propositions proposed betwixt the Kings most Excellent Majesty, the commissioners, and two learned divines of the Church of England. Wherein is set forth, His Majesties resolution, concerning church-government, with his objections against the Directory, and his desires therein. And the proceedings of the English ministers thereupon. Also, severall remarkable passages from the court at Holmby, and from the northern parts. Published by authority, March. 4.	Charles --  I, --  King of England, 1600-1649 --  Early works to 1800.|Church of England. --  Book of common prayer --  Early works to 1800.|Directory for the publique worship of God throughout the three kingdoms of England, Scotland, and Ireland --  Early works to 1800.|Church polity --  Early works to 1800.|Great Britain --  Church history --  17th century.	Charles --  I, --  King of England, 1600-1649 --  Early works to 1800.|Church of England. --  Book of common prayer --  Early works to 1800.|Directory for the publique worship of God throughout the three kingdoms of England, Scotland, and Ireland --  Early works to 1800.|Church polity --  Early works to 1800.|Great Britain --  Church history --  17th century.	2
A92711	1648	England and Wales. Sovereign (1625-1649 : Charles I)|W. S.	Die. 13. Octob. 1648. A new remonstrance from the Kings Majesty to all his loyall subjects in His three kingdoms of England, Scotland and Ireland, declaring his unchangable resolution concerning Episcopacy, and his intentions touching the booke of Common-Prayer. Also the ministers answer to the Kings three last scruples, with His Majesties reply to the said answer, and His answer to the Commissioners last paper. Signed, Charles R.	Charles --  I, --  King of England, 1600-1649 --  Early works to 1800.|Church of England. --  Book of common prayer --  Early works to 1800.|Episcopacy --  Early works to 1800.|Great Britain --  History --  Civil War, 1642-1649 --  Early works to 1800.	Charles --  I, --  King of England, 1600-1649 --  Early works to 1800.|Church of England. --  Book of common prayer --  Early works to 1800.|Episcopacy --  Early works to 1800.|Great Britain --  History --  Civil War, 1642-1649 --  Early works to 1800.	2
A95584	1643	Taylor, John, 1580-1653.	Some small and simple reasons, delivered in a hollow-tree, iu [sic] Waltham Forrest, in a lecture, on the 33. of March last. By Aminadab Blower a devout bellows-mender of Pimlico. Shewing the causes in generall and particular wherefore they doe, might, would, should, or ought, except against and quite rufuse the liturgy or Book of Common-Prayer.	Church of England. --  Book of common prayer --  Early works to 1800.	Church of England. --  Book of common prayer --  Early works to 1800.	2
A03928	1606	Hutton, Thomas, 1566-1639.|Cotton, William, d. 1621.	The second and last part of Reasons for refusall of subscription to the Booke of common prayer vnder the hands of certaine ministers of Deuon. and Cornwall, as they were exhibited by them to the right Reuerend Father in God William Cotton Doctor of Diuinitie, and Lord Bishop of Exceter. As also an appendix, or compendious briefe of all other exceptions taken by others against the bookes of communion, homilies, and ordination, word for word, as it came to the hands of an honorable personage. VVith an ansvvere to both at seuerall times returned them in publike conference, and in diuerse sermons vpon occasion preached in the cathedrall church of Exceter by Thomas Hutton Bachiler of Diuinitie, and fellow of S. Iohns Colledge in Oxon.|Reasons for refusal of subscription to the booke of common praier. Part 2	Church of England. --  Book of common prayer --  Early works to 1800.|Church of England --  Customs and practices --  Early works to 1800.|Bible. --  English --  Versions --  Early works to 1800.	Church of England. --  Book of common prayer --  Early works to 1800.|Church of England --  Customs and practices --  Early works to 1800.|Bible. --  English --  Versions --  Early works to 1800.	2
A89945	1644	Church of England.	The new booke of common prayer. According to the forme of the Kirke of Scotland, our brethren in faith and Covenant.|Book of common prayer.	 	 	2
A82002	1661	H. D. (Henry Dawbeny)|Collinges, John, 1623-1690, attributed name.	A sober and temperate discourse, concerning the interest of words in prayer, the just antiquity and pedigree of liturgies, or forms of prayer in churches : with a view of the state of the church, when they were first composed, or imposed. Together with a discovery of the weakness of the grounds upon which they were first brought in, or upon which Bishop Gawden hath lately discoursed, the necessity of a liturgie, or the inconveniency of altering the English liturgie, the utility of church musick, and the lawfulness of ceremonies : in which are mixed reasons justifying those godly ministers, who forbear the use of the Common-prayer, against the late out-cryes of the said bishop. / By H.D. M.A.	Gauden, John, 1605-1662.|Church of England --  Customs and practices --  Early works to 1800.|Church of England --  Liturgy --  Early works to 1800.|Church of England. --  Book of common prayer --  Early works to 1800.|Prayer --  Early works to 1800.	Gauden, John, 1605-1662.|Church of England --  Customs and practices --  Early works to 1800.|Church of England --  Liturgy --  Early works to 1800.|Church of England. --  Book of common prayer --  Early works to 1800.|Prayer --  Early works to 1800.	2
A68966	1616	Boys, John, 1571-1625.	An exposition of the proper Psalmes vsed in our English liturgie together with a reason why the Church did chuse the same. By Iohn Boys, Doctor of Diuinitie. The first part explaining the Psalmes appointed to be read on Christmas and Easter day.|Exposition of the proper Psalmes used in our English liturgie. Part 1	Church of England. --  Book of common prayer --  Early works to 1800.|Bible. --  O.T. --  Psalms --  Commentaries.	Church of England. --  Book of common prayer --  Early works to 1800.|Bible. --  O.T. --  Psalms --  Commentaries.	2
A62752	1661	Commission for the Review and Alteration of the Book of Common Prayer.	To the Kings most excellent Majesty. The due account, and humble petition of the ministers of the Gospel, lately commissioned for the review & alteration of the liturgy|Due account and humble petition of the ministers of the Gospel, lately commissioned for the review and alteration of the liturgy.	Church of England --  Liturgy --  Early works to 1800.|Church of England. --  Book of common prayer --  Early works to 1800.	Church of England --  Liturgy --  Early works to 1800.|Church of England. --  Book of common prayer --  Early works to 1800.	2
A50188	1689	Mather, Increase, 1639-1723.	A brief discourse concerning the unlawfulness of the common-prayer-worship and of laying the hand on and kissing the booke in swearing / by a reverend and learned divine.	Church of England. --  Book of common prayer.|Church of England --  Liturgy --  History.|Oaths.	Church of England. --  Book of common prayer.|Church of England --  Liturgy --  History.|Oaths.	2
A70630	1641	Pym, John, 1584-1643.	A Motion humbly presented to the consideration of the honourable, the committee of the high court of Parliament consisting of 18 queres concerning the Booke of common-prayer : October 8, 1641 : as also an honourable speech made by Mr. Pymme.	Church of England. --  Book of common prayer.|Great Britain --  History --  Puritan Revolution, 1642-1660.	Church of England. --  Book of common prayer.|Great Britain --  History --  Puritan Revolution, 1642-1660.	2
A71183	1690	 	A table to all the epistles and gospels in the Book of Common Prayer So that you may find any of them, when named by the minister, though you know not what Sunday it is. And also what texts of scripture are quoted, being contained in them. To be found in an alphabetical manner. This table may put in your Common Prayer book, without new binding, being so small a thing.	Church of England. --  Book of common prayer --  Indexes --  Early works to 1800.	Church of England. --  Book of common prayer --  Indexes --  Early works to 1800.	2
A10557	1631	Reeve, Edmund, d. 1660.	The Christian divinitie, contained in the divine service of the Church of England summarily, and for the most part in order, according as point on point dependeth, composed; and with the holy Scriptures plainly and plentifully confirmed: written for the furtherance of the peoples understanding in the true religion established by publike authoritie, and for the increase of vnitie in that godly truth eternall. By Edmund Reeve Bachelour in Divinitie, and vicar of the parish of Hayes in Middlesex.	Church of England. --  Book of common prayer --  Early works to 1800.|Certain sermons or homilies appointed to be read in churches --  Early works to 1800.	Church of England. --  Book of common prayer --  Early works to 1800.|Certain sermons or homilies appointed to be read in churches --  Early works to 1800.	2
A78980	1645	England and Wales. Sovereign (1625-1649 : Charles I),|Westminster Assembly (1643-1652)	His Majesties proclamation, concerning the Book of common-prayer, and the Directory for publike vvorship. (Given at Oxford, Novemb. 13. 1645.) With some observations thereupon.	Church of England. --  Book of common prayer --  Early works to 1800.|Directory for the publique worship of God throughout the three kingdoms of England, Scotland, and Ireland --  Early works to 1800.|Public worship --  Early works to 1800.|Great Britain --  Church history --  17th century --  Early works to 1800.	Church of England. --  Book of common prayer --  Early works to 1800.|Directory for the publique worship of God throughout the three kingdoms of England, Scotland, and Ireland --  Early works to 1800.|Public worship --  Early works to 1800.|Great Britain --  Church history --  17th century --  Early works to 1800.	2
A77864	1641	Burges, Cornelius, 1589?-1665.	To the honourable the knights, citizens and burgesses of the Commons-House of Parliament the humble petition of sundry ministers intrusted to solicite the petition and remonstrance formerly exhibited to this Honourable House, and of many of their brethren, most humbly sheweth, ...	Church of England --  Government --  Early works to 1800.|Church of England. --  Book of common prayer --  Early works to 1800.|Church and state --  Great Britain --  History --  17th century.|Great Britain --  Church history --  17th century --  Early works to 1800.	Church of England --  Government --  Early works to 1800.|Church of England. --  Book of common prayer --  Early works to 1800.|Church and state --  Great Britain --  History --  17th century.|Great Britain --  Church history --  17th century --  Early works to 1800.	2
A00759	1630	Fisher, Ambrose, d. 1617.|Grant, John, fl. 1630.	A defence of the liturgie of the Church of England, or, Booke of common prayer In a dialogue betweene Nouatus and Irenæus. By Ambrose Fisher, sometimes of Trinitie Colledge in Cambridge.	Church of England. --  Book of common prayer --  Early works to 1800.	Church of England. --  Book of common prayer --  Early works to 1800.	2
B00322	1567	Church of England.|Davies, Richard, 1501-1581.|Salesbury, William, 1520?-1600?	Lliver gweddi gyffredin, a gwemdogaeth y sacramentae, ac eraill gynneddfeu a ceremoniae yn Eccles loecr. ; Vewed [sic], perused and allowed by the bishops, accordyng to the Act stablished for the translation of the Bible, and thys booke into the Brytyshe tongue..|Book of common prayer. Welsh	Church of England --  Liturgy --  Texts --  Welsh --  Early works to 1800.	Church of England --  Liturgy --  Texts --  Welsh --  Early works to 1800.	2
B04835	1660	Prideaux, John, 1578-1650.	Euchologia, neu, Yr athrawiaeth i arferol weddio o waith y gwir anrhyddedus dad Joan Prideawx ... ; Rhodd a adawodd ef ar ei ddyddd diwedd iw ferched yn ddirgel, iw hyfforddi hwy ir cyfriw  reidiol arferau, on Llyfr Gweddi gyffredin. : Ac a ddichou roi bodlonrwydd ym mhob achos heb edrych ar ol y goleuadàu newyddion ai parodbryd lewyrchoedd.	Church of England. --  Book of common prayer.|Prayer.|Devotional exercises.	Church of England. --  Book of common prayer.|Prayer.|Devotional exercises.	2
B00323	1586	Church of England.	Lliver gweddi gyffredin, [a gwenidogaeth] sacramentae, ac eraill gynneddfey, a ceremoniae yn Eccles[--] [--] bishops, according to the act stablished for the translation of the Bible, and this booke into the British tongue..|Book of common prayer. Welsh	Church of England --  Liturgy --  Welsh --  Texts --  Early works to 1800.	Church of England --  Liturgy --  Welsh --  Texts --  Early works to 1800.	2
A36061	1644	England and Wales. Parliament. Ordinance of Parliament for the taking away of the Book of common prayer.|Westminster Assembly (1643-1652)	A directory for the publique worship of God, throughout the three kingdoms of England, Scotland, and Ireland together with an ordinance of Parliament for the taking away of the Book of common-prayer, ... die Jovis, 13. Martii, 1644 / ordered by the Lords and Commons assembled in Parliament, that this ordinance and directory bee forthwith printed and published.	Church of England. --  Book of common prayer.|Church of England --  Liturgy.|Public worship --  Early works to 1800.	Church of England. --  Book of common prayer.|Church of England --  Liturgy.|Public worship --  Early works to 1800.	2
A82229	1647	 	A declaration of the Protestant clergie of the city of Dublin, shewing the reasons why they cannot consent to the taking away of the Book of common prayer, and comply with the Directory. Presented to the Honourable Commissioners for the Parliament of England, July 9. 1647.	Church of England. --  Book of common prayer --  Early works to 1800.|Directory for the publique worship of God throughout the three kingdoms of England, Scotland, and Ireland --  Early works to 1800.|Clergy --  Ireland --  Dublin --  Early works to 1800.|Protestants --  Ireland --  Dublin --  Early works to 1800.|Ireland --  Church history --  17th century --  Early works to 1800.	Church of England. --  Book of common prayer --  Early works to 1800.|Directory for the publique worship of God throughout the three kingdoms of England, Scotland, and Ireland --  Early works to 1800.|Clergy --  Ireland --  Dublin --  Early works to 1800.|Protestants --  Ireland --  Dublin --  Early works to 1800.|Ireland --  Church history --  17th century --  Early works to 1800.	2
A84072	1675	Elborow, Thomas.	A guide to the humble: or an exposition on the common prayer Viz. I. The visitation of the sick. II. The Communion of the sick. III. The burial of the dead. IV. The thanksgiving of women after child-birth. V. The denouncing of God's anger and judgments against sinners, with prayers to be used on the first day of Lent, and at other times. By Thomas Elborow.	Church of England. --  Book of common prayer --  Criticism, interpretation, etc. --  Early works to 1800.|Christian literature --  Early works to 1800.	Church of England. --  Book of common prayer --  Criticism, interpretation, etc. --  Early works to 1800.|Christian literature --  Early works to 1800.	2
A87430	1660	Calvin, Jean, 1509-1564.	The judgement of foraign divines as well from Geneva as other parts, touching the discipline, liturgie, and ceremonies of the Church of England. Whereunto is added a letter from Mr. Iohn Calvin to Mr. Knox, concerning the English Common-Prayer, after he had purused the same. Now published for publick information and benefit.	Church of England --  Liturgies --  Apologetic works --  Early works to 1800.|Church of England --  Discipline --  Early works to 1800.|Church of England. --  Book of common prayer --  Controversial literature --  Early works to 1800.	Church of England --  Liturgies --  Apologetic works --  Early works to 1800.|Church of England --  Discipline --  Early works to 1800.|Church of England. --  Book of common prayer --  Controversial literature --  Early works to 1800.	2
A85284	1644	 	LIX. exceptions against the Booke of common prayer.	Church of England. --  Book of common prayer --  Controversial literature	Church of England. --  Book of common prayer --  Controversial literature	2
A85836	1655	Gatford, Lionel, d. 1665.	A petition for the vindication of the publique use of the Book of Common-Prayer, from some foul, but undeserved aspersions lately cast upon it And for the asserting of the publique use of set-forms of prayer, and dispensing the holy Sacraments. Occasioned by the late ordinance for the ejecting of scandalous, ignorant, and insufficient ministers and school-masters. As also thirty seven quæres concerning the said ordinance, and the particulars thereof. Humbly presented to the most Honourable and highest court of Parliament, now convened at Westminster, anno 1654. With a true account rendred in an epistle prefixed, and an appendix subjoyned, both of the printing and presenting the same. By Lionel Gatford, batchelour in Divinity.	Church of England. --  Book of common prayer --  Controversial literature --  Early works to 1800.|Prayer --  Early works to 1800.|Sacraments --  Church of England --  Early works to 1800.	Church of England. --  Book of common prayer --  Controversial literature --  Early works to 1800.|Prayer --  Early works to 1800.|Sacraments --  Church of England --  Early works to 1800.	2
A55574	1661	Powell, Vavasor, 1617-1670.	Common-prayer-book no divine service, or, XXVIII reasons against forming and imposing any humane liturgies or Common-prayer-books, and the main objections to the contrary, answered also, the English Common-prayer-book anatomized, likewise twelve arguments against diocesan and lord-bishops, with the main objections answered, and the great disparity between them, and Timothy and Titus, shewed / by Vavasor Powell.	Church of England. --  Book of common prayer.|Church of England --  Liturgy.|Prayers --  Early works to 1800.	Church of England. --  Book of common prayer.|Church of England --  Liturgy.|Prayers --  Early works to 1800.	2
A59372	1689	Minister of the Church of England.	Several arguments for concessions and alterations in the common prayer, and in the rites and ceremonies of the Church of England in order to a comprehension / by a minister of the Church of England, as by law established.	Church of England. --  Book of common prayer.|Church of England --  Early works to 1800.	Church of England. --  Book of common prayer.|Church of England --  Early works to 1800.	2
A52997	1690	Minister of the Church of England.	A new survey of the book of common prayer humbly proposed to this present parliament, in order to the obtaining a new act of uniformity / by a minister of the Church of England.	Church of England. --  Book of common prayer.	Church of England. --  Book of common prayer.	2
A39377	1679	 	An Abstract of some letters to an eminent learned person concerning the excellency of the Book of common-prayer, &c.	Church of England. --  Book of common prayer.	Church of England. --  Book of common prayer.	2
A39077	1698	 	An exposition on that most excellent prayer in the liturgy of the Church of England called the litany Wherein all or most ot the exceptions that have been made against it, are fully answered.	Church of England. --  Book of common prayer --  Early works to 1800.	Church of England. --  Book of common prayer --  Early works to 1800.	2
A75462	1660	 	An Anti-Brekekekex-Coax-Coax, or, A throat-hapse for the frogges and toades that lately crept abroad, croaking against the Common-prayer book and Episcopacy and the copie of a letter from a very reverend church-man, in answer to a young man, who desired his judgement upon this case, viz. whether every minister of the Church of England be bound in conscience to reade the Common-prayer : with another letter from a convinced associatour, that a while boggled at the Common-prayer, to a brother of the same association, not yet convinced, together with the above-said reverend person's brief and candid censure thereupon, with some uses of application by the publisher.	Church of England --  Prayer-books and devotions --  Controversial literature.|Church of England. --  Book of common prayer --  Controversial literature.	Church of England --  Prayer-books and devotions --  Controversial literature.|Church of England. --  Book of common prayer --  Controversial literature.	2
B21739	1688	England and Wales. Sovereign (1685-1688 : James II)|James II, King of England, 1633-1701.	At the court at Whitehall the 29th of June 1688. Present, the Kings most excellent Majesty, Lord Chancellor, Lord President, Lord Privy Seal, Lord Marquess of Powis, Lord Chamberlain, Earl of Huntingdon, Earl of Bathe, Earl of Craven, Earl of Berkeley, Earl of Melfort, Earl of Castlemain, Lord Bellasyse, Mr. Chancellor of the Exchequer, Sir Nicholas Butler, Mr. Petre. : Whereas by the late Act of Uniformity, which establisheth the liturgy of the Church of England ...	Church of England. --  Book of common prayer --  Early works to 1800.|Broadsides --  England --  London --  Early works to 1800.|Church and state --  England --  Early works to 1800.	Church of England. --  Book of common prayer --  Early works to 1800.|Broadsides --  England --  London --  Early works to 1800.|Church and state --  England --  Early works to 1800.	2
B20559	1684	Comber, Thomas, 1645-1699.	Short discourses upon the whole common-prayer designed to inform the judgment and excite the devotion of such as daily use the same / Tho. Comber ...	Church of England. --  Book of common prayer.	Church of England. --  Book of common prayer.	2
B23149	1660	Fox, George, 1624-1691.|Burrough, Edward, 1634-1662. Testimony concerning the Book of common prayer.	Something in ansvver to the old Common-prayer-book and for the information of those who are for it, which is much of it taken out of the old Mass-book : both which are got up since the Apostles dayes ...	Church of England. --  Book of common prayer --  Controversial literature.|Society of Friends --  Doctrines.	Church of England. --  Book of common prayer --  Controversial literature.|Society of Friends --  Doctrines.	2
A16109	1547	 	Deuout psalmes and colletes gathered and set in suche order, as may be vsed for dayly meditacions.	Church of England. --  Book of common prayer --  Sources --  Early works to 1800.	Church of England. --  Book of common prayer --  Sources --  Early works to 1800.	2
A67268	1691	Walker, Thomas, 1658 or 9-1716.|Nicetas, of Remesiana, Saint, d. ca. 414. Te Deum laudamus.	Divine hymns, or, A paraphrase upon the Te Deum, &c. and the Song of the three children, or canticle Benedicite omnia opera, &c. as they are in the Book of common prayer by T. Walker ...	 	 	2
A87167	1642	M. T. S. T. R. A. I. S. P. H.	An answer to lame Giles Calfines Messe of pottage, which hee termes in his halting speech to be well crummed and seasoned, &c. Proving that the service-booke is no better than pottage, in comparison of divers weeds which are chopt into it, to poyson the taste of the children of grace, by the advice of the whore of Babylons instruments and cooks. In which small tract you shall find such reasons given against it, as are unanswerable by any man whatsoever. For pure prayer is Gods temple, and where it is not so used, it is but idolatrie and will-worship. by M. T. S. T. R. A. I. S. P. H.	Calfine, Giles. --  Messe of pottage.|Church of England --  Customs and practices --  Early works to 1800.|Church of England. --  Book of common prayer --  Controversial literature --  Early works to 1800.|Great Britain --  Religion --  17th century.	Calfine, Giles. --  Messe of pottage.|Church of England --  Customs and practices --  Early works to 1800.|Church of England. --  Book of common prayer --  Controversial literature --  Early works to 1800.|Great Britain --  Religion --  17th century.	2
A87569	1646	Jennings, Theodore.	Truths returne: in answer to a malignant pamphlet, pretended to be written by a most orthodox, moderate, and judicious divine, a banished minister of this miserable kingdom; to a vertuous lady, who (for the exercise of her devotion) built a closet, wherein to secure the most sacred Book of Common-Prayer, from the view and violence of the enemies thereof, sectaries and schismatiques of this kingdome. Being printed together; that thereby the great difference may appear, between prayer reall, and pretended: a forme of godlinesse, and the power thereof. / By Theo: Jennings, gent.	Church of England. --  Book of common prayer, --  Controversial literature --  Early works to 1800.|Prayer --  Church of England --  Early works to 1800.	Church of England. --  Book of common prayer, --  Controversial literature --  Early works to 1800.|Prayer --  Church of England --  Early works to 1800.	2
A87537	1647	Jenkins, David, 1582-1663.	A scourge for the directorie, and the revolting synod. Which hath sitten this 5. yeares, more for foure shillings a day, then for conscience sake. / By Judge Jenkins.	Church of England. --  Book of common prayer --  Controversial literature --  Early works to 1800.|Westminster Assembly (1643-1652) --  Early works to 1800.|Directory for the publique worship of God throughout the three kingdoms of England, Scotland, and Ireland.|Presbyterianism --  Early works to 1800.	Church of England. --  Book of common prayer --  Controversial literature --  Early works to 1800.|Westminster Assembly (1643-1652) --  Early works to 1800.|Directory for the publique worship of God throughout the three kingdoms of England, Scotland, and Ireland.|Presbyterianism --  Early works to 1800.	2
A26852	1661	Baxter, Richard, 1615-1691.|Commission for the Review and Alteration of the Book of Common Prayer.	An accompt of all the proceedings of the Commissioners of both perswasions, appointed by his sacred Majesty, according to letters patents, for the reveiw [sic] of The book of common prayer, &c.	Church of England. --  Book of common prayer --  Early works to 1800.|Church of England --  Liturgy --  Early works to 1800.	Church of England. --  Book of common prayer --  Early works to 1800.|Church of England --  Liturgy --  Early works to 1800.	2
A90174	1641	 	The original of the Popish ljturgie, or, The arguments alleadged by the papists, in defence of the Booke of common-prayer, taken out of their owne service-booke. By which wee may also easily perceive upon what ground ours doth stand, and what alliance it hath with theirs.	Church of England. --  Book of common prayer --  Early works to 1800.|Catholic Church --  Liturgy --  Early works to 1800.|Great Britain --  Church history --  17th century --  Early works to 1800.	Church of England. --  Book of common prayer --  Early works to 1800.|Catholic Church --  Liturgy --  Early works to 1800.|Great Britain --  Church history --  17th century --  Early works to 1800.	2
A92417	1641	 	The Remonstrance and petition of the county of Huntington, the knights, gentlemen, clergy, freeholders, and inhabitiants. To the right honourable the Lords, and Commons assembled in Parliament, for the continuance of the church-government, and divine service, or Book of common prayer.	Church of England. --  Book of common prayer --  Early works to 1800.|Church of England --  Controversial literature --  Early works to 1800.|Great Britain --  History --  Charles I, 1625-1649 --  Early works to 1800.|Great Britain --  Church history --  17th century.	Church of England. --  Book of common prayer --  Early works to 1800.|Church of England --  Controversial literature --  Early works to 1800.|Great Britain --  History --  Charles I, 1625-1649 --  Early works to 1800.|Great Britain --  Church history --  17th century.	2
A91129	1643	 	The protestation of the two and twenty divines, for the setling of the church: And the particulars by them excepted against in the liturgie: not that the Book of Common Prayer of the Church of England should be utterly abolished, but purged of all innovations and absurdities. Ordered by them to be printed according to their own directions.	Church of England. --  Book of common prayer --  Controversial literature --  Early works to 1800.|Great Britain --  Church history --  17th century --  Early works to 1800.	Church of England. --  Book of common prayer --  Controversial literature --  Early works to 1800.|Great Britain --  Church history --  17th century --  Early works to 1800.	2
A60434	1662	Smith, Humphrey, d. 1663.	Forty four queries propounded to all the clergy-men of the liturgy by one whom they trained up in and according to the best things set forth in the Book of common-prayer concerning the which these queries are, for the satisfying of the unsatisfied, and for the uniting and preserving of peace among the people : wherein also first are shewed eleven reasons why these queries are proposed / written by one that hath learned, as he was taught, to forsake the Devil and all his works ... Humphrey Smith.	Church of England --  Controversial literature.|Church of England --  Liturgy.|Church of England. --  Book of common prayer.	Church of England --  Controversial literature.|Church of England --  Liturgy.|Church of England. --  Book of common prayer.	2
A34268	1641	 	A Confvtation of M. Lewes Hewes his dialogve, or, An answer to a dialogve or conference betweene a country gentleman and a minister of Gods Word about the Booke of common prayer set forth for the satisfying of those who clamour against the said Booke and maliciously revile them that are serious in the use thereof : whereunto is annexed a satisfactory discourse concerning episcopacy and the svrplisse.	Hughes, Lewes, fl. 1620. --  Certaine grievances.|Church of England. --  Book of common prayer.|Episcopacy --  Early works to 1800.	Hughes, Lewes, fl. 1620. --  Certaine grievances.|Church of England. --  Book of common prayer.|Episcopacy --  Early works to 1800.	2
A30261	1660	Burges, Cornelius, 1589?-1665.	Some of the differences and alterations in the present Common-prayer-book, from the book established by law, in quinto & sexto, Edw. 6. and 1 Eliz	Church of England. --  Book of common prayer --  Early works to 1800.	Church of England. --  Book of common prayer --  Early works to 1800.	2
A33491	1699	Clutterbuck, J. (John)	A plain and rational vindication of the liturgy of the Church of England collected out of the discourses of some of the reverend bishops and doctors of the same church, by way of question and answer / by J. Clvtterbvck, Gent.	Church of England --  Liturgy.|Church of England. --  Book of common prayer.	Church of England --  Liturgy.|Church of England. --  Book of common prayer.	2
A34051	1612	Comber, Thomas, 1645-1699.|Church of England. Book of common prayer.	A companion to the temple and closet, or, A help to publick and private devotion in an essay upon the daily offices of the church.	Church of England. --  Book of common prayer.|Theology, Practical.	Church of England. --  Book of common prayer.|Theology, Practical.	2
A34136	1666	C. W.	Common-prayer-book devotions, episcopal delusions, or, The Second death of the service-book wherein the unlawfulness (with advantage) of the imposition of liturgies ... is clearly and plainly demonstrated from the Scriptures ...	Church of England. --  Book of common prayer --  Controversial literature.	Church of England. --  Book of common prayer --  Controversial literature.	2
A32194	1660	Calfine, Giles.	The Book of common prayer confirmed by sundry acts of Parliament, and briefly vindicated against the contumelious slanders of the fanatique party tearming it porrage by Gyles Calfine.	Church of England. --  Book of common prayer.	Church of England. --  Book of common prayer.	2
A34547	1665	Carr, Alan, d. 1668.	A peaceable moderator, or, Some plain considerations to give satisfaction to such as stand dis-affected to our Book of common prayer established by authority clearing it from the aspersion of popery, and giving the reasons of all the things therein contained and prescribed / made by Alan Carr ...	Church of England. --  Book of common prayer.	Church of England. --  Book of common prayer.	2
A19979	1560	Caustun, Thomas, d. 1569, attributed name.	Bassus certaine notes set forth in foure and three parts to be song at the morning communion, and euening praier very necessarie for the Church of Christe to be frequented and vsed: & vnto them added diuers godly praiers & Psalmes in the the like forme to the honor & praise of God.	Church of England. --  Book of common prayer --  Early works to 1800.	Church of England. --  Book of common prayer --  Early works to 1800.	2
A19980	1565	Caustun, Thomas, d. 1569, attributed name.	The tenor mornyng and euenyng prayer and communion, set forthe in foure partes, to be song in churches, both for men and and children wyth dyuers other godly prayers & anthems, of sundry mens doynges.|Bassus certaine notes set forth in foure and three parts to be song at the morning communion, and evening praier.	Church of England. --  Book of common prayer --  Early works to 1800.	Church of England. --  Book of common prayer --  Early works to 1800.	2
A38350	1684	England and Wales. Sovereign (1660-1685 : Charles II)|Charles II, King of England, 1630-1685.	At the court at Whitehall the sixteenth of February 1684 present the Kings Most Excellent Majesty, His Royal Highness the Prince of Denmark ... : whereas by the late Act of uniformity which establisheth the liturgy.	Church of England. --  Book of common prayer.|Act of Uniformity (1662)	Church of England. --  Book of common prayer.|Act of Uniformity (1662)	2
A86899	1643	Hunt, James, 17th cent.	A plaine and briefe discovery of those two beasts that are written, Revel. 13 And to show what dishonour and disgrace the clergie bring against Christ and his glorious church in reading some part of the service-book. Againe I praise God I have shewed in briefe the true signification of Christ and his glorious church, with those holy ordinances that doe belong unto it. Gathered and directed by that grace God hath given to me James Hunt. All glory be to God on high.	Church of England. --  Book of common prayer --  Controversial literature --  Early works to 1800.	Church of England. --  Book of common prayer --  Controversial literature --  Early works to 1800.	2
B10013	1691	T. S. (Thomas Seymour)	Advice to readers of the common prayer, and the people attending the same. With a preface concerning divine worship.  Humbly offered to consideration, for promoting the greater decency and solemnity in performing the offices of God's publick worship, administered according to the order established by law amongst us / by a well-meaning (though unlearned) layick of the Church of England.  T.S.	Church of England --  Liturgy and ritual --  Early works to 1800.|Church of England. --  Book of common prayer --  Early works to 1800.|Public worship --  Church of England --  Early works to 1800.	Church of England --  Liturgy and ritual --  Early works to 1800.|Church of England. --  Book of common prayer --  Early works to 1800.|Public worship --  Church of England --  Early works to 1800.	2
A84861	1647	England and Wales. Army. Council.|Fairfax, Thomas Fairfax, Baron, 1612-1671.	New propositions from His Excellency Sir Thomas Fairfax, agreed upon by the Generall, Lieutenant-Generall, Colonels, Lieutenant-Colonels, Majors, and Captaines, under his Excellencies command, at a late Councell of Warre. Concerning, the brotherly meetings of Independents, and divers other well-affected people of this kingdome. With their desires to both Houses of Parliament concerning the same. Also, some particulars concerning the Booke of Common-Prayer. And the last propositions from the souldiery to his Excellency Sir Thomas Fairfax, concerning a great member of this kingdome. Published for generall satisfaction.	England and Wales. --  Army --  Early works to 1800.|Church of England. --  Book of common prayer --  Controversial literature --  Early works to 1800.|Great Britain --  History --  Civil War, 1642-1649 --  Early works to 1800.	England and Wales. --  Army --  Early works to 1800.|Church of England. --  Book of common prayer --  Controversial literature --  Early works to 1800.|Great Britain --  History --  Civil War, 1642-1649 --  Early works to 1800.	2
B14543	1638	Davenport, John, 1597-1670, attributed name.	The triall of the English liturgie, or A copie of a letter, wherein severall exceptions and arguments against the imposition and use of the service book in the English churches, are set forth and discussed. Written by a reverend divine, to his Christian friend, for his private satisfaction in this particular. And now published for publicke good	Church of England. --  Book of common prayer --  Controversial literature --  Early works to 1800.	Church of England. --  Book of common prayer --  Controversial literature --  Early works to 1800.	2
B19556	1660	England and Wales. Sovereign (1660-1685 : Charles II)|Charles II, King of England, 1630-1685.	By the King. A proclamation for authorizing an uniformity of the Book of Common-Prayer, to be used throughout the realm.	Church of England. --  Book of common prayer --  Early works to 1800.|Public worship --  Early works to 1800.|Great Britain --  Church history --  17th century.	Church of England. --  Book of common prayer --  Early works to 1800.|Public worship --  Early works to 1800.|Great Britain --  Church history --  17th century.	2
B12711	1604	England and Wales. Sovereign (1603-1625 : James I)|James I, King of England, 1566-1625.	The care vvich vvee haue had, and paines vvhich wee haue taken to settle the affaires of this Church of England in an uniformitie as well of doctrine, as of gouernment, ...	Church of England --  Book of common prayer --  Early works to 1800.|Dissenters, Religious --  England --  Early works to 1800.|Great Britain --  Church history --  17th century --  Early works to 1800.|Church and state --  England --  Early works to 1800.	Church of England --  Book of common prayer --  Early works to 1800.|Dissenters, Religious --  England --  Early works to 1800.|Great Britain --  Church history --  17th century --  Early works to 1800.|Church and state --  England --  Early works to 1800.	2
A03927	1605	Hutton, Thomas, 1566-1639.|Cotton, William, d. 1621.	Reasons for refusal of subscription to the booke of common praier vnder the hands of certaine ministers of Devon, and Cornwall word for word as they were exhibited by them to the Right Reverend Father in God William Coton Doctor of Divinitie L. Bishop of Exceter. VVith an amsvvere [sic] at severall times returned them in publike conference and in diverse sermons vpon occasion preached in the cathedrall church of Exceter, by Thomas Hutton, Bachiler of Divinitie & fellow of St. Iohns Coll. in Oxon. And now published at the very earnest intreatie of some especiall friends for a farther contentment of other the Kings Maiesties good and loyall subiects.|Reasons for refusal of subscription to the booke of common praier. Part 1	Church of England. --  Book of common prayer --  Early works to 1800.|Church of England --  Customs and practices --  Early works to 1800.|Bible. --  English --  Versions --  Early works to 1800.	Church of England. --  Book of common prayer --  Early works to 1800.|Church of England --  Customs and practices --  Early works to 1800.|Bible. --  English --  Versions --  Early works to 1800.	2
A62901	1660	Tomlinson, William.	A word of information to them that need it briefly opening some most weighty passages of God dispensations among the sons of men, from the beginning, and insisting a little upon the state and condition of the nations, wherein they now stand, and particularly of England : for this end, that men may remember themselves, and turn unto the Lord, and seek to be delivered from the mysteries of iniquity, to walk with God in fellowship and communion : to which (as pertinent hereunto) is annexed, An addition concerning Lord-Bishops, and Common-prayer-book : with a tender admonition to those called priests, or ministers : and also, a loving exhortation to those that have separated from their superstitions / by W.T.	Church of England. --  Book of common prayer.	Church of England. --  Book of common prayer.	2
A43049	1654	Harwood, James.	The plea for the Common prayer book in two parts / by James Harwood.	Church of England. --  Book of common prayer.|Church of England --  Liturgy.	Church of England. --  Book of common prayer.|Church of England --  Liturgy.	2
A34596	1693	H. C. (Henry Cornwallis), 1654?-1710.	Brief directions for our more devout behavior in time of divine service with a short rationale on the Common-prayer / by H.C.	Church of England. --  Book of common prayer.|Public worship.	Church of England. --  Book of common prayer.|Public worship.	2
A05983	1603	Church of England.	The booke of common prayer, and administration of the sacraments and other rites and ceremonies of the Church of England.|Book of common prayer	Church of England. --  Book of common prayer --  Early works to 1800.	Church of England. --  Book of common prayer --  Early works to 1800.	2
A78976	1645	England and Wales. Sovereign (1625-1649 : Charles I)|Charles I, King of England, 1600-1649.	By the King. A proclamation commanding the use of the Book of Common-Prayer according to law notwithstanding the pretended ordinances for the new directory.	Church of England. --  Book of common prayer --  Early works to 1800.|Church of England. --  Directory for the publique worship of God throughout the three kingdoms of England, Scotland, and Ireland --  Early works to 1800.|Public worship --  Great Britain --  Early works to 1800.|Great Britain --  Church history --  17th century --  Early works to 1800.	Church of England. --  Book of common prayer --  Early works to 1800.|Church of England. --  Directory for the publique worship of God throughout the three kingdoms of England, Scotland, and Ireland --  Early works to 1800.|Public worship --  Great Britain --  Early works to 1800.|Great Britain --  Church history --  17th century --  Early works to 1800.	1
A79001	1642	England and Wales. Sovereign (1603-1625 : James I)|James I, King of England, 1566-1625.	By the King a proclamation for the authorizing an vniformitie of the Booke of Common Prayer to bee vsed throughout the realme.	Church of England. --  Book of common prayer --  Early works to 1800.	Church of England. --  Book of common prayer --  Early works to 1800.	1
A19271	1573	Cooper, Thomas, 1517?-1594.	A briefe exposition of such chapters of the olde testament as vsually are redde in the church at common praier on the Sondayes set forth for the better helpe and instruction of the vnlearned. By Thomas Cooper Bishop of Lincolne.	Church of England. --  Book of common prayer --  Early works to 1800.|Bible. --  O.T --  Commentaries --  Early works to 1800.	Church of England. --  Book of common prayer --  Early works to 1800.|Bible. --  O.T --  Commentaries --  Early works to 1800.	1
A69529	1641	 	The Abolishing of the Booke of common prayer by reason of above fifty grosse corruptions in it : as also for that it commands the use of such ceremonies in the worship of God (namely surplice, crosse, and kneeling) which man hath	Church of England. --  Book of common prayer.	Church of England. --  Book of common prayer.	1
A16081	1538	 	Here begynneth the pystles and gospels, of euery Sonday, and holy daye in the yere|Bible. N.T. English. Selections.	Church of England. --  Book of common prayer.|Bible --  Liturgical lessons, English --  Early works to 1800.	Church of England. --  Book of common prayer.|Bible --  Liturgical lessons, English --  Early works to 1800.	1
A25463	1661	Annand, William, 1633-1689.	Panem quotidianum, or, A short discourse tending to prove the legality, decency, and expediency of set forms of prayer in the churches of Christ with a particular defence of the book of common prayer of the Church of England... / by William Annand ...	Church of England. --  Book of common prayer.|Church of England --  Customs and practices.	Church of England. --  Book of common prayer.|Church of England --  Customs and practices.	1
A52970	1647	Marshall, Stephen, 1594?-1655.|Caryll, John, 1625-1711.|England and Wales. Sovereign (1625-1649 : Charles I)|Scotland. Parliament.	New propositions propounded at the Kings royall court at Holmby, betwixt the Kings Most Excellent Majesty, and Mr. Marshall and Mr. Caryll concerning the presbyteriall government, the Booke of Common-Prayer, and the directory : also His Majesties severall reasons, concerning episcopacy, and Mr. Marshalls reply for the cleering His Majesties objections : together with divers remarkable passages of the Commissioners of the kingdome of Scotland, propounded to His Majesty for his royall assent to the propositions, and signing the Covenant : with another message from His Majesty at Holmby, to both Houses of Parliament.	Charles --  I, --  King of England, 1600-1649.|Church of England. --  Book of common prayer.|Church and state --  Scotland.	Charles --  I, --  King of England, 1600-1649.|Church of England. --  Book of common prayer.|Church and state --  Scotland.	1
A39334	1661	Elys, Edmund, ca. 1634-ca. 1707.	Admonition to Doctor Burges, and to those who either compos'd or caused to be re-printed, that seditious pamphlet, entituled, The common-prayer-book unmasked and to all others, who endeavour to maintain that factious opinion, that the use of the liturgie of the Church of England, is sinfull / Edmund Elis ...	Church of England. --  Book of common prayer.|Church of England --  Liturgy.|Common-prayer-book unmasked.	Church of England. --  Book of common prayer.|Church of England --  Liturgy.|Common-prayer-book unmasked.	1
A28700	1664	Church of England.	Llyfr gweddi gyffredin a gweinidogaeth y sacramentau a chynneddfau a ceremoniau eraill yr Eglwys yn ol arfer Eglwys Lorgr : ynghyd a'r Psallwyr neu Psalmau Dafydd.|Book of common prayer. Welsh. 1664	 	 	1
A56195	1673	Prynne, William, 1600-1669.|Stucki, Johann Wilhelm, d. 1607. Antiquitatum convivialum. Liber 2, cap. 26, De vestitu conviviali.	A rational account why some of His Majesties Protestant subjects do not conform to some exuberances in, and ceremonial appurtenances to the Common prayer published for the instruction of the ignorant, satisfaction of all contenders, and the churches union in Gods publick worship.	Church of England. --  Book of common prayer.|Church of England --  Customs and practices.	Church of England. --  Book of common prayer.|Church of England --  Customs and practices.	1
A46520	1688	England and Wales. Sovereign (1685-1688 : James II)|James II, King of England, 1633-1701.	At the court at Whitehall, the 29th of June, 1688 present, the Kings Most Excellent Majesty, Lord Chancellor, Lord President, Lord Privy Seal, Lord Marquess of Powis, Lord Chamberlain, Earl of Huntingdon, Earl of Bathe, Earl of Craven, Earl of Berkeley, Earl of Melfort, Earl of Castlemain, Lord Bellasyse, Mr. Chancellor of the Exchequer, Sir Nicholas Butler, Mr. Petre : whereas by the late Act of Uniformity, which establisheth the liturgy of the Church of England ...	Church of England. --  Book of common prayer.|Broadsides --  England --  London --  17th century	Church of England. --  Book of common prayer.|Broadsides --  England --  London --  17th century	1
A69499	1668	Birchley, William, 1613-1669.	Devotions in the ancient way of offices with psalms, hymns, and prayers for every day in the week and every holiday in the year.	Catholic Church. --  Breviary.|Church of England. --  Book of common prayer.|Rhymed offices.	Catholic Church. --  Breviary.|Church of England. --  Book of common prayer.|Rhymed offices.	1
A66397	1699	Church of England.|Williams, John, 1636?-1709.|Morgan, John, 1662-1701.	Eglurhad byrr ar gatechism yr Eglwys ynghyd a thystiolaethau o'r Scrythurlan O waith y gwir-barchedig dâd yn nuw John Williams. Escob Caer-gei. wedi gyfieithio gan John Morgan vicar Aber-Conway.|Book of common prayer. Catechism. Welsh	Church of England --  Catechisms --  Early works to 1800.|Catechisms, Welsh --  Early works to 1800.	Church of England --  Catechisms --  Early works to 1800.|Catechisms, Welsh --  Early works to 1800.	1
A27511	1641	Bernard, Richard, 1568-1641.|Bernard, John.	A short vievv of the prælaticall Church of England wherein is set forth the horrible abuses in discipline and government, layd open in tenne sections by way of quære and petition, the severall heads whereof are set downe in the next page : whereunto is added a short draught of church-government.	Church of England --  Government.|Church of England --  Discipline.|Church of England. --  Book of common prayer.	Church of England --  Government.|Church of England --  Discipline.|Church of England. --  Book of common prayer.	1
A25349	1670	Anderdon, John, 1624?-1685.	A call to all bishops and others who are zealous for the Book of Common Prayer (for which I have been also sometimes zealous) by way of remembrance : now to come to the way of the Quakers to the grace of God ... / J.A.	Church of England. --  Book of common prayer.|Society of Friends --  Apologetic works.	Church of England. --  Book of common prayer.|Society of Friends --  Apologetic works.	1
A39353	1679	Elys, Edmund, ca. 1634-ca. 1707.	Justifying faith: or, That faith by which the just do live briefly describ'd in a discourse on 1 Joh. 5.12. By the author of a late book, entitled Summum bonum, or, An explication of the divine goodness, &c. To this discourse is added, an abstract of some letters to an eminent learned person, concerning the excellency of the Book of common prayer, &c.	Church of England. --  Book of common prayer --  Early works to 1800.|Faith --  Early works to 1800.	Church of England. --  Book of common prayer --  Early works to 1800.|Faith --  Early works to 1800.	1
A61017	1672	Sparrow, Anthony, 1612-1685.|Andrewes, Lancelot, 1555-1626. Form of consecration of a church or chappel.	A rationale upon the Book of common prayer of the Church of England by Anth. Sparrow ... ; with the form of consecration of a church or chappel, and of the place of Christian burial ; by Lancelot Andrews ...	Church of England. --  Book of common prayer.	Church of England. --  Book of common prayer.	1
A56208	1661	Prynne, William, 1600-1669.|Stucki, Johann Wilhelm, d. 1607. Antiquitatum convivialum. Liber 2, cap. 26, De vestitu conviviali.	A short sober pacific examination of some exuberances in, and ceremonial appurtenances to the Common prayer especially of the use and frequent repetitions of Glory be to the Father, &c., standing up at it, at Gospels, creeds, and wearing white rochets, surplises, with other canonical vestments in the celebration of divine service and sacraments, whose originals, grounds of institution and prescription, are here truly related and modestly discussed ... / by William Prynne, Esq. ...	Church of England. --  Book of common prayer.|Church of England --  Customs and practices.	Church of England. --  Book of common prayer.|Church of England --  Customs and practices.	1
A58483	1641	 	A Remarkable passage, or, A vvitty discovrse between two citizens and the Bishop of Lincolne, concerning the Book of common prayer before the Lords of the Prliament House with the pleasant passages in their discourse worthy to be observed by the reader.	Williams, John, 1582-1650.|Church of England. --  Book of common prayer.	Williams, John, 1582-1650.|Church of England. --  Book of common prayer.	1
A26853	1661	Baxter, Richard, 1615-1691.	An accompt of all the proceedings of the commissioners of both persvvasions appointed by His Sacred Majesty, according to letters patent, for the review of the Book of common prayer, &c.	Church of England. --  Book of common prayer.|Church of England --  History.	Church of England. --  Book of common prayer.|Church of England --  History.	1
A64358	1689	Tenison, Thomas, 1636-1715.|England and Wales. Act concerning the submission of the clergy to the King's Majesty.	A discourse concerning the Ecclesiastical Commission, open'd in the Jerusalem-Chamber, October the 10th, 1689	Church of England. --  Book of common prayer.	Church of England. --  Book of common prayer.	1
A03797	1640	Hughes, Lewes, fl. 1620.	Certaine greevances, vvell vvorthy the serious consideration of the right honorable and high Court of Parliament Set forth by way of dialogue, or conference betweene a countrey gentleman, and a minister of Gods word; for the satisfying of those that doe clamour, and maliciously revile them that labour to have the errors of the Booke of common prayer reformed. By Levves Hevves, minister of Gods Word.	Church of England. --  Book of common prayer --  Controversial literature --  Early works to 1800.	Church of England. --  Book of common prayer --  Controversial literature --  Early works to 1800.	1
A32992	1641	Church of England.|Ussher, James, 1581-1656.	A copie of the proceedings of some worthy and learned divines, appointed by the Lords to meet at the Bishop of Lincolnes in Westminster touching innovations in the doctrine and discipline of the Church of England. Together with considerations upon the Common prayer book.	Church of England --  Government --  Early works to 1800.|Church of England. --  Book of common prayer --  Early works to 1800.|Ecclesiastical law --  England --  Early works to 1800.	Church of England --  Government --  Early works to 1800.|Church of England. --  Book of common prayer --  Early works to 1800.|Ecclesiastical law --  England --  Early works to 1800.	1
A69535	1661	Baxter, Richard, 1615-1691.|Commission for the Review and Alteration of the Book of Common Prayer.	The grand debate between the most reverend bishops and the Presbyterian divines appointed by His Sacred Majesty as commissioners for the review and alteration of the Book of common prayer, &c. : being an exact account of their whole proceedings : the most perfect copy.	Commission for the Review and Alteration of the Book of Common Prayer.|Church of England. --  Book of common prayer.|Church of England --  Liturgy.	Commission for the Review and Alteration of the Book of Common Prayer.|Church of England. --  Book of common prayer.|Church of England --  Liturgy.	1
A27562	1682	Beveridge, William, 1637-1708.	A sermon concerning the excellency and usefulness of the common prayer preached by William Beveridge ... 27th of November. 1681.	Church of England. --  Book of common prayer --  Sermons.|Bible. --  N.T. --  Corinthians, 1st, XIV, 26 --  Sermons.|Sermons, English --  17th century.	Church of England. --  Book of common prayer --  Sermons.|Bible. --  N.T. --  Corinthians, 1st, XIV, 26 --  Sermons.|Sermons, English --  17th century.	1
A11745	1638	Gillespie, George, 1613-1648, attributed name.	Reasons for which the service booke, urged upon Scotland ought to bee refused	Episcopal Church in Scotland. --  Book of common prayer --  Controversial literature --  Early works to 1800.|Scotland --  Church history --  17th century --  Early works to 1800.	Episcopal Church in Scotland. --  Book of common prayer --  Controversial literature --  Early works to 1800.|Scotland --  Church history --  17th century --  Early works to 1800.	1
A08393	1573	Church of England.|Nowell, Alexander, 1507?-1602.	Catechismus paruus pueris primùm Latinè qui ediscatur, proponendus in scholis.|Book of common prayer. Catechism. Latin	Church of England --  Catechisms --  Early works to 1800.|Catechisms, Latin --  Early works to 1800.	Church of England --  Catechisms --  Early works to 1800.|Catechisms, Latin --  Early works to 1800.	1
A64711	1660	Udall, Ephraim, d. 1647.|Ussher, James, 1581-1656, attributed name.	The Bishop of Armaghes direction, concerning the lyturgy, and episcopall government Being thereunto requested by the Honourable, the House of Commons, and then presented in the year 1642.|Directions propounded and humbly presented to the High Court of Parliament, concerning the Booke of Common Prayer and episcopall government.	Church of England. --  Book of common prayer --  Early works to 1800.|Church of England --  Government --  Early works to 1800.|Church of England --  Liturgy --  Early works to 1800.|Episcopacy --  Liturgy --  Early works to 1800.	Church of England. --  Book of common prayer --  Early works to 1800.|Church of England --  Government --  Early works to 1800.|Church of England --  Liturgy --  Early works to 1800.|Episcopacy --  Liturgy --  Early works to 1800.	1
A70321	1646	Hammond, Henry, 1605-1660.|Charles I, King of England, 1600-1649.|England and Wales. Sovereign (1625-1649 : Charles I). Proclamation commanding the use of the Booke of common prayer.	A view of the nevv directorie and a vindication of the ancient liturgie of the Church of England in answer to the reasons pretended in the ordinance and preface, for the abolishing the one, and establishing the other.	Westminster Assembly (1643-1652). --  Directory for the publique worship of God.|Church of England. --  Book of common prayer.|Church of England --  Liturgy --  Controversial literature.	Westminster Assembly (1643-1652). --  Directory for the publique worship of God.|Church of England. --  Book of common prayer.|Church of England --  Liturgy --  Controversial literature.	1
A42477	1661	Gauden, John, 1605-1662.	Considerations touching the liturgy of the Church of England In reference to His Majesties late gracious declaration, and in order to an happy union in Church and state. By John Gauden, D.D. Bishop elect of Exceter.	Church of England --  Liturgy --  Early works to 1800.|Church of England. --  Book of common prayer --  Early works to 1800.	Church of England --  Liturgy --  Early works to 1800.|Church of England. --  Book of common prayer --  Early works to 1800.	1
A27487	1641	Dwalphintramis.|Bernard, John.|Bernard, Richard, 1568-1641.	The anatomie of the service book, dedicated to the high court of Parliament wherein is remonstrated the unlawfulnesse of it, and that by five severall arguments, namely [brace] from the name of it, the rise, the matter, the manner, and, the evill effects of it : whereunto are added some motives, by all which we clearly evince the necessitie of the removeall of it : lastly, we have answered such objections as are commonly made in behalfe of it / by Dwalphintramis.	Church of England. --  Book of common prayer.|Church of England --  Liturgy.|Church of England --  Doctrines.	Church of England. --  Book of common prayer.|Church of England --  Liturgy.|Church of England --  Doctrines.	1
B01762	1661	Brabourne, Theophilus, b. 1590.	An humble petition unto the high and most honourable Courts of Parliament, that they would be pleased to condiseend [sic] to the perusing of these short notes, tending to the refining of the Booke of Common-Prayer, in a few things. / By Theophilus Brabourn.	Church of England. --  Book of common prayer. --  Psalter.|Broadsides --  England --  London --  17th century	Church of England. --  Book of common prayer. --  Psalter.|Broadsides --  England --  London --  17th century	1
A84506	1694	England and Wales. Privy Council.	At the court at Whitehall, the 29th day of December, 1694 By the Lords of His Majesties most honourable Privy Council.|Orders in Council. 1694-12-29	Mary --  II, --  Queen of England, 1662-1694 --  Early works to 1800.|William --  III, --  King of England, 1650-1702 --  Early works to 1800.|Church of England. --  Book of common prayer --  Early works to 1800.|Broadsides --  England	Mary --  II, --  Queen of England, 1662-1694 --  Early works to 1800.|William --  III, --  King of England, 1650-1702 --  Early works to 1800.|Church of England. --  Book of common prayer --  Early works to 1800.|Broadsides --  England	1
A39360	1660	Elys, Edmund, ca. 1634-ca. 1707.|Ford, Thomas, 1598-1674.|Hughes, Thomas, 1603-1667.	Letters to Mr. Hughes of Plymouth, and Mr. Ford of Exeter, concerning the common prayer from Edm. Elis.	Church of England. --  Book of common prayer.	Church of England. --  Book of common prayer.	1
A47788	1659	L'Estrange, Hamon, 1605-1660.	The alliance of divine offices, exhibiting all the liturgies of the Church of England since the Reformation as also the late Scotch service-book, with all their respective variations : and upon them all annotations, vindictating the Book of common-prayer from the main objections of its adversaries, explicating many parcels thereof hithereto not clearly understood, shewing the conformity it beareth with the primitive practice, and giving a faire prospect into the usages of the ancient church : to these is added at the end, The order of the communion set forth 2 Edward 6 / by Hamon L'Estrange ...	Church of England --  Liturgy.|Church of England. --  Book of common prayer.	Church of England --  Liturgy.|Church of England. --  Book of common prayer.	1
A66373	1694	Williams, John, 1636?-1709.	A brief discourse concerning the lawfulness of worshipping God by the common-prayer being an answer to a book entituled A brief discourse concerning the unlawfulness of the common-prayer worship lately printed in New-England, and re-printed in London, in which the chief things objected against the liturgy, are consider'd.	Church of England. --  Book of common prayer --  Controversial literature.|Worship --  Early works to 1800.	Church of England. --  Book of common prayer --  Controversial literature.|Worship --  Early works to 1800.	1
A18294	1477	Caxton, William, ca. 1422-1491.|Church of England. Book of common prayer. Ordinal.	If it plese ony man spirituel or temporel to bye ony pyes of two and thre comemoracio[n]s of saliburi vse ...	Catholic Church --  Rites and ceremonies --  Early works to 1800.	Catholic Church --  Rites and ceremonies --  Early works to 1800.	1
A86337	1660	Hicks, Thomas, 17th cent.	Thou shalt not fear God, and reverence my sanctuary. A sharp rebuke, or A rod for the enemies of common prayer, that wrote the book of unmasking it with lies; I also prove it to be the pure worship of God taken out of his word, his revealed will. By Thomas Hicks.	Church of England. --  Book of common prayer --  Controversial literature --  Early works to 1800.|Common prayer-book unmasked --  Early works to 1800.	Church of England. --  Book of common prayer --  Controversial literature --  Early works to 1800.|Common prayer-book unmasked --  Early works to 1800.	1
A21997	1603	England and Wales. Sovereign (1603-1625 : James I)|James I, King of England, 1566-1625.	By the King. A proclamation for the authorizing and vniformitie of the Booke of Common Prayer to be vsed throughout the realme|Proclamations. 1606-03-05	Church of England. --  Book of common prayer.	Church of England. --  Book of common prayer.	1
A64716	1641	Udall, Ephraim, d. 1647.|Ussher, James, 1581-1656.	Directions propovnded and hvmbly presented to the high court of Parliament concerning the Booke of common prayer and episcopall government / written by a reverend and learned divine now resident in this city.	Church of England. --  Book of common prayer.	Church of England. --  Book of common prayer.	1
A79453	1642	 	The Cheshire petition for establishing of the Common-Prayer-Booke, and suppression of Schismatiques, presented to the Kings Majestie, and from him recommended to the House of Peers by the Lord Keeper. To the Kings most Excellent Majestie, and to the right honourable the Lords, and the Honourable the House of Commons assembled in Parliament. The humble petition of divers of the nobility, Iustices, gentry, ministers, freeholders, and other inhabitants of the County Palatine of Chester, whose names are nominated in the schedule annexed.	Church of England. --  Book of common prayer --  Early works to 1800.|Separatists --  Great Britain --  Early works to 1800.|Chester (England) --  History --  Sources.	Church of England. --  Book of common prayer --  Early works to 1800.|Separatists --  Great Britain --  Early works to 1800.|Chester (England) --  History --  Sources.	1
A72693	1549	Church of England.	The booke of the common prayer and administracion of the sacramentes, and other rites and ceremonies of the Churche: after the vse of the Churche of England.|Liturgies. Book of common prayer	Prayers --  Early works to 1800.	Prayers --  Early works to 1800.	1
A76482	1693	Beveridge, William, 1637-1708.	Pregeth Ynghylch godidawgrwydd a defnyddiaeth, neu, Lesioldeb llyfer y gweddiau cyffredin. A bregethwyd gynt yn Saesonaeg gan y parchedig Willam Beferids. D.D. gweinidog eglwys St. Peder ydfryn, yng Haer-ludd ; ar yr amfer yr agorwyd yr eglwys honno gyntaf wedi ei hadeiladu, ar ôl y Tân Mawr, fef y 27 dydd of Dachwedd, 1681. Ac a gyfieithwyd (ond bod ychydig newidiadau a feddyliwyd yn anghenrhaid, neu gymwys eu gwneuthur wrth ei chyfieithu) yn gymraeg.|Sermon concerning the excellency and usefulness of the common prayer. Welsh	Church of England. --  Book of common prayer --  Sermons.|Bible. --  N.T. --  Corinthians, 1st, XIV, 26 --  Sermons.|Sermons, English --  17th century.	Church of England. --  Book of common prayer --  Sermons.|Bible. --  N.T. --  Corinthians, 1st, XIV, 26 --  Sermons.|Sermons, English --  17th century.	1
A11759	1800	Church of Scotland.	Assembly at Glasgow, December 6, 1638, Sess. 14	Church of England. --  Book of common prayer --  Controversial literature --  Early works to 1800.	Church of England. --  Book of common prayer --  Controversial literature --  Early works to 1800.	1
